{
  "model": "DistilBERT",
  "test_accuracy": 0.9234234094619751,
  "test_loss": 0.23053143419591443,
  "training_history": {
    "train_acc": [
      0.699999988079071,
      0.9236714839935303,
      0.9589372277259827
    ],
    "train_loss": [
      0.6400377037433478,
      0.20892474284897056,
      0.11467351640861195
    ],
    "val_acc": [
      0.8558558821678162,
      0.9099099040031433,
      0.9076576828956604
    ],
    "val_loss": [
      0.30007301297570976,
      0.2377129982425166,
      0.2387216504596706
    ]
  },
  "hyperparameters": {
    "batch_size": 16,
    "max_length": 128,
    "epochs": 3,
    "learning_rate": 2e-05
  },
  "timestamp": "2025-10-26T13:04:29.492172"
}